dataset,detector,n_features,n_known_drifts,n_detections,time_s,mtd,mdr,mtr,mtfa
Electricity,EADD,8,0,39,8.78,,,,
Electricity,D3,8,0,37,0.1,,,,
Electricity,BNDM,8,0,40,0.07,,,,
Electricity,CSDDM,8,0,79,0.51,,,,
Electricity,IBDD,8,0,726,0.95,,,,
Electricity,OCDD,8,0,37,0.77,,,,
Electricity,SPLL,8,0,75,0.9,,,,
Electricity,UDetect,8,0,0,0.41,,,,
InsectsAbrupt,EADD,33,2,4,37.95,148.0,0.0,35.810810810810814,5300.0
InsectsAbrupt,D3,33,2,4,0.46,152.5,0.0,34.24918032786885,5223.0
InsectsAbrupt,BNDM,33,2,0,120.02,,,,
InsectsAbrupt,CSDDM,33,2,32,7.99,43.5,0.0,14.291716210860088,621.6896551724138
InsectsAbrupt,IBDD,33,2,72,1.13,28.0,0.0,9.985507246376812,279.59420289855075
InsectsAbrupt,OCDD,33,2,57,0.74,254.0,0.5,0.4921259842519685,250.0
InsectsAbrupt,SPLL,33,2,4,28.23,25.0,0.0,207.76,5194.0
InsectsAbrupt,UDetect,33,2,0,0.62,,,,
InsectsGradual,EADD,33,1,4,36.75,,1.0,,3516.6666666666665
InsectsGradual,D3,33,1,3,0.45,,1.0,,1606.5
InsectsGradual,BNDM,33,1,1,120.03,,1.0,,
InsectsGradual,CSDDM,33,1,23,8.97,143.0,0.0,5.3829503829503835,769.7619047619048
InsectsGradual,IBDD,33,1,59,1.09,88.0,0.0,3.817384370015949,335.9298245614035
InsectsGradual,OCDD,33,1,46,0.78,,1.0,,250.0
InsectsGradual,SPLL,33,1,4,27.91,39.0,0.0,28.5,1111.5
InsectsGradual,UDetect,33,1,0,0.63,,,,
InsectsIncrAbrupt,EADD,33,0,1,37.09,,,,
InsectsIncrAbrupt,D3,33,0,0,0.47,,,,
InsectsIncrAbrupt,BNDM,33,0,2,120.04,,,,
InsectsIncrAbrupt,CSDDM,33,0,15,10.38,,,,
InsectsIncrAbrupt,IBDD,33,0,94,1.11,,,,
InsectsIncrAbrupt,OCDD,33,0,79,0.61,,,,
InsectsIncrAbrupt,SPLL,33,0,0,28.85,,,,
InsectsIncrAbrupt,UDetect,33,0,0,0.62,,,,
InsectsIncremental,EADD,33,0,1,36.88,,,,
InsectsIncremental,D3,33,0,0,0.47,,,,
InsectsIncremental,BNDM,33,0,1,120.03,,,,
InsectsIncremental,CSDDM,33,0,19,9.61,,,,
InsectsIncremental,IBDD,33,0,63,1.09,,,,
InsectsIncremental,OCDD,33,0,79,0.62,,,,
InsectsIncremental,SPLL,33,0,1,28.69,,,,
InsectsIncremental,UDetect,33,0,0,0.63,,,,
InsectsReoccurring,EADD,33,0,2,36.83,,,,
InsectsReoccurring,D3,33,0,2,0.46,,,,
InsectsReoccurring,BNDM,33,0,3,120.02,,,,
InsectsReoccurring,CSDDM,33,0,21,9.66,,,,
InsectsReoccurring,IBDD,33,0,107,1.09,,,,
InsectsReoccurring,OCDD,33,0,79,0.62,,,,
InsectsReoccurring,SPLL,33,0,1,29.7,,,,
InsectsReoccurring,UDetect,33,0,0,0.64,,,,
NOAAWeather,EADD,8,0,13,12.06,,,,
NOAAWeather,D3,8,0,29,0.12,,,,
NOAAWeather,BNDM,8,0,36,0.22,,,,
NOAAWeather,CSDDM,8,0,70,0.57,,,,
NOAAWeather,IBDD,8,0,485,0.95,,,,
NOAAWeather,OCDD,8,0,71,0.49,,,,
NOAAWeather,SPLL,8,0,2,18.48,,,,
NOAAWeather,UDetect,8,0,0,0.46,,,,
OutdoorObjects,EADD,21,0,6,4.07,,,,
OutdoorObjects,D3,21,0,1,0.04,,,,
OutdoorObjects,BNDM,21,0,8,0.13,,,,
OutdoorObjects,CSDDM,21,0,15,0.1,,,,
OutdoorObjects,IBDD,21,0,34,0.24,,,,
OutdoorObjects,OCDD,21,0,15,0.12,,,,
OutdoorObjects,SPLL,21,0,14,0.05,,,,
OutdoorObjects,UDetect,21,0,0,0.02,,,,
Powersupply,EADD,2,0,7,8.52,,,,
Powersupply,D3,2,0,11,0.13,,,,
Powersupply,BNDM,2,0,16,28.47,,,,
Powersupply,CSDDM,2,0,58,1.95,,,,
Powersupply,IBDD,2,0,163,1.0,,,,
Powersupply,OCDD,2,0,79,0.51,,,,
Powersupply,SPLL,2,0,9,16.98,,,,
Powersupply,UDetect,2,0,0,0.48,,,,
SineClusters,EADD,4,3,19,11.54,299.0,0.0,4.024526198439242,1203.3333333333333
SineClusters,D3,4,3,39,0.08,219.0,0.0,2.483757338551859,543.9428571428572
SineClusters,BNDM,4,3,40,0.09,499.0,0.0,1.085504342017368,541.6666666666666
SineClusters,CSDDM,4,3,72,0.99,34.666666666666664,0.0,8.174490950226245,283.38235294117646
SineClusters,IBDD,4,3,615,1.06,45.333333333333336,0.0,0.7114782901704053,32.253682487725044
SineClusters,OCDD,4,3,79,0.51,249.0,0.0,1.0441767068273093,260.0
SineClusters,SPLL,4,3,79,0.09,249.0,0.0,1.0441767068273093,260.0
SineClusters,UDetect,4,3,1,0.44,36.0,0.6666666666666667,,
WaveformDrift2,EADD,21,3,3,27.27,99.0,0.0,,
WaveformDrift2,D3,21,3,3,0.25,179.0,0.0,,
WaveformDrift2,BNDM,21,3,31,104.59,60.333333333333336,0.0,11.609576427255986,700.4444444444445
WaveformDrift2,CSDDM,21,3,7,7.44,359.0,0.0,2.2609099350046424,811.6666666666666
WaveformDrift2,IBDD,21,3,91,1.0,7.666666666666667,0.0,28.692653673163417,219.97701149425288
WaveformDrift2,OCDD,21,3,79,0.58,249.0,0.0,1.0441767068273093,260.0
WaveformDrift2,SPLL,21,3,3,23.7,22.333333333333332,0.0,,
WaveformDrift2,UDetect,21,3,2,0.57,20.5,0.33333333333333337,,
